"Report Written:,""Tuesday, February 10, 2026"""
"Design Path:,""D:\Dropbox\CAN  systems\VCU\Shield design\ESP32 VCU shield\V2\ESP32 shield_V2_4.pcb"""
Design Title:,
"Created:,""28/04/2015 09:44:09"""
"Last Saved:,""16/04/2024 20:50:30"""
"Editing Time:,""5690 min"""
"Units:,""mm (precision 2)"""

Bill of Materials generated with DesignSpark PCB - www.DesignSpark.com/pcb
--------------------------------------------------------------------------


"Ref Name,""Qty"",""Component"",""Value"",""Package"",""Manufacturer"",""MPN"",""RS Part Number"",""Other Part Number"",""Description"""
"Y2,""1"",""9B-20.000MEEJ-B"","""",""9B20000MEEJB"",""TXC"",""9B-20.000MEEJ-B"","""","""",""Crystal 20MHz +/-10ppm (Tol) +/-10ppm (Stability) 18pF FUND 40Ohm 2-Pin DIP HC-49/S Thru-Hole Bulk"""
"IC2,""1"",""ams1117-3.3v"","""",""SOT229P700X180-4N"",""Advanced Monolithic Systems"",""ams1117-3.3v"","""","""",""1A LOW DROPOUT VOLTAGE REGULATOR, SOT-223"""
"C2,""1"",""C-EU050-024X044"",""1µ"",""C050-024X044"","""","""","""","""",""CAPACITOR, European symbol"""
"C4,""1"",""C-USC0805"",""0.1uF"",""C0805"","""","""","""","""",""CAPACITOR, American symbol"""
"C7,""1"",""C-USC0805"",""0.1uF"",""C0805"","""","""","""","""",""CAPACITOR, American symbol"""
"C17,""1"",""C-USC0805"",""0.1uF"",""C0805"","""","""","""","""",""CAPACITOR, American symbol"""
"C14,""1"",""C-USC0805"",""22pF"",""C0805"","""","""","""","""",""CAPACITOR, American symbol"""
"C15,""1"",""C-USC0805"",""22pF"",""C0805"","""","""","""","""",""CAPACITOR, American symbol"""
"C9,""1"",""Capacitor"",""1uF"",""1206"","""","""","""","""",""Capacitor"""
"C10,""1"",""Capacitor"",""22uF"",""1206"","""","""","""","""",""Capacitor"""
"C12,""1"",""Capacitor"",""22uF"",""1206"","""","""","""","""",""Capacitor"""
"C13,""1"",""Capacitor"",""22uF"",""1206"","""","""","""","""",""Capacitor"""
"C6,""1"",""Capacitor_Pol"",""100uF"",""DSCV"","""","""","""","""","""""
"PL2,""1"",""CONN_SIL_5"","""",""DSC"","""","""","""","""",""5 way Pin Header"""
"PL3,""1"",""CONN_SIL_5"","""",""DSC"","""","""","""","""",""5 way Pin Header"""
"PL4,""1"",""CONN_SIL_5"","""",""DSC"","""","""","""","""",""5 way Pin Header"""
"Piezo,""1"",""CST-931AP"","""",""CST931AP"",""CUI Inc."",""CST-931AP"","""","""",""BUZZ MAG 2.73KHZ 9MM 3V PCB EXT"""
"U1,""1"",""ESP32-DEVKITC"","""",""MODULE_ESP32-DEVKITC"","""","""","""","""","""""
"J1,""1"",""HCCPHPE24BKA90F"","""",""HCCPHPE24BKA90F"",""Delphi"",""HCCPHPE24BKA90F"",""6737799"","""",""Automotive Connectors 24 WAY PIN HEADER"""
"IC1,""1"",""MCP2517FD-H_SL"","""",""SOIC127P600X175-14N"",""Microchip"",""MCP2517FD-H/SL"",""1623019P"","""",""MICROCHIP - MCP2517FD-H/SL. - STAND-ALONE CAN FD CONTROLLER W/SPI INTERFACE, 14 SOIC .150IN TUBE 23AC6792"""
"IC11,""1"",""NCV8401ADTRKG"","""",""TO229P990X238-4N"",""ON Semiconductor"",""NCV8401ADTRKG"",""8079877"","""","""""
"IC12,""1"",""NCV8401ADTRKG"","""",""TO229P990X238-4N"",""ON Semiconductor"",""NCV8401ADTRKG"",""8079877"","""","""""
"IC14,""1"",""NCV8401ADTRKG"","""",""TO229P990X238-4N"",""ON Semiconductor"",""NCV8401ADTRKG"",""8079877"","""","""""
"Q7,""1"",""NPNTRAN"","""",""SM"","""","""","""","""",""Bipolar"" could also be a N mos"
"R2,""1"",""R-US_R0805"",""2K7"",""R0805"","""","""","""","""",""RESISTOR, American symbol"""
"R14,""1"",""R-US_R0805"",""4k7"",""R0805"","""","""","""","""",""RESISTOR, American symbol"""
"R16,""1"",""R-US_R0805"",""4k7"",""R0805"","""","""","""","""",""RESISTOR, American symbol"""
"R19,""1"",""R-US_R0805"",""4k7"",""R0805"","""","""","""","""",""RESISTOR, American symbol"""
"R20,""1"",""R-US_R0805"",""4k7"",""R0805"","""","""","""","""",""RESISTOR, American symbol"""
"R21,""1"",""R-US_R0805"",""4k7"",""R0805"","""","""","""","""",""RESISTOR, American symbol"""
"R22,""1"",""R-US_R0805"",""4k7"",""R0805"","""","""","""","""",""RESISTOR, American symbol"""
"R23,""1"",""R-US_R0805"",""4k7"",""R0805"","""","""","""","""",""RESISTOR, American symbol"""
"R27,""1"",""R-US_R0805"",""4K7"",""R0805"","""","""","""","""",""RESISTOR, American symbol"""
"R28,""1"",""R-US_R0805"",""4K7"",""R0805"","""","""","""","""",""RESISTOR, American symbol"""
"R29,""1"",""R-US_R0805"",""4k7"",""R0805"","""","""","""","""",""RESISTOR, American symbol"""
"R1,""1"",""R-US_R0805"",""10k"",""R0805"","""","""","""","""",""RESISTOR, American symbol"""
"R13,""1"",""R-US_R0805"",""10K"",""R0805"","""","""","""","""",""RESISTOR, American symbol"""
"R15,""1"",""R-US_R0805"",""10K"",""R0805"","""","""","""","""",""RESISTOR, American symbol"""
"R3,""1"",""R-US_R0805"",""10k"",""R0805"","""","""","""","""",""RESISTOR, American symbol"""
"R17,""1"",""R-US_R0805"",""10K"",""R0805"","""","""","""","""",""RESISTOR, American symbol"""
"R24,""1"",""R-US_R0805"",""10K"",""R0805"","""","""","""","""",""RESISTOR, American symbol"""
"R25,""1"",""R-US_R0805"",""10K"",""R0805"","""","""","""","""",""RESISTOR, American symbol"""
"R26,""1"",""R-US_R0805"",""10K"",""R0805"","""","""","""","""",""RESISTOR, American symbol"""
"R18,""1"",""R-US_R0805"",""10K"",""R0805"","""","""","""","""",""RESISTOR, American symbol"""
"R30,""1"",""R-US_R0805"",""10K"",""R0805"","""","""","""","""",""RESISTOR, American symbol"""
"R35,""1"",""R-US_R0805"",""10K"",""R0805"","""","""","""","""",""RESISTOR, American symbol"""
"R4,""1"",""R-US_R0805"",""10k"",""R0805"","""","""","""","""",""RESISTOR, American symbol"""
"R36,""1"",""R-US_R0805"",""10K"",""R0805"","""","""","""","""",""RESISTOR, American symbol"""
"R37,""1"",""R-US_R0805"",""10K"",""R0805"","""","""","""","""",""RESISTOR, American symbol"""
"R38,""1"",""R-US_R0805"",""10K"",""R0805"","""","""","""","""",""RESISTOR, American symbol"""
"R39,""1"",""R-US_R0805"",""10K"",""R0805"","""","""","""","""",""RESISTOR, American symbol"""
"R7,""1"",""R-US_R0805"",""60R"",""R0805"","""","""","""","""",""RESISTOR, American symbol"""
"R8,""1"",""R-US_R0805"",""60R"",""R0805"","""","""","""","""",""RESISTOR, American symbol"""
"D1,""1"",""RS1A-E3_5AT"","""",""DIOM5127X229N"",""Vishay"",""RS1A-E3/5AT"","""","""",""VISHAY - RS1A-E3/5AT - DIODE, FAST, 1A, 50V, SMD"""
"D2,""1"",""RS1A-E3_5AT"","""",""DIOM5127X229N"",""Vishay"",""RS1A-E3/5AT"","""","""",""VISHAY - RS1A-E3/5AT - DIODE, FAST, 1A, 50V, SMD"""
"U3,""1"",""SN65HVD234"",""SN65HVD234"",""SOIC8"","""","""","""","""","""""
"U5,""1"",""SN65HVD234"",""SN65HVD234"",""SOIC8"","""","""","""","""","""""
"IC8,""1"",""ULN2003LVDR"","""",""SOIC127P600X175-16N"",""Texas Instruments"",""ULN2003LVDR"",""1626795"","""",""7-Ch Relay, Inductive Sink Driver SOIC16 Texas Instruments ULN2003LVDR, 7-element NPN Darlington Transistor Array, 140 mA 8 V, 16-Pin SOIC"""
"IC9,""1"",""ULN2003LVDR"","""",""SOIC127P600X175-16N"",""Texas Instruments"",""ULN2003LVDR"",""1626795"","""",""7-Ch Relay, Inductive Sink Driver SOIC16 Texas Instruments ULN2003LVDR, 7-element NPN Darlington Transistor Array, 140 mA 8 V, 16-Pin SOIC"""

1x Adafruit  ADS1115 module from Adafruit https://www.aliexpress.com/item/1005008479331647.html?spm=a2g0o.productlist.main.6.615aluwcluwcgN&algo_pvid=d16b35f4-1c82-4da6-85d8-37bd212851d5&algo_exp_id=d16b35f4-1c82-4da6-85d8-37bd212851d5-5&pdp_ext_f=%7B%22order%22%3A%22289%22%2C%22spu_best_type%22%3A%22price%22%2C%22eval%22%3A%221%22%2C%22fromPage%22%3A%22search%22%7D&pdp_npi=6%40dis%21EUR%211.71%211.71%21%21%2113.71%2113.71%21%40211b813f17706799177397675e6859%2112000045327173085%21sea%21SI%21128201405%21X%211%210%21n_tag%3A-29919%3Bd%3A6a5c9ade%3Bm03_new_user%3A-29895&curPageLogUid=mq9Nb72h8gOK&utparam-url=scene%3Asearch%7Cquery_from%3A%7Cx_object_id%3A1005008479331647%7C_p_origin_prod%3A
1x 24pin connector and plastic casing from aliexpress https://www.aliexpress.com/item/1005005057351496.html?spm=a2g0o.productlist.main.1.3ad1VIvAVIvAkm&algo_pvid=be4288ba-c716-49e4-9a99-e9f508eed35e&algo_exp_id=be4288ba-c716-49e4-9a99-e9f508eed35e-0&pdp_ext_f=%7B%22order%22%3A%22693%22%2C%22eval%22%3A%221%22%2C%22fromPage%22%3A%22search%22%7D&pdp_npi=6%40dis%21EUR%212.17%212.17%21%21%212.50%212.50%21%40211b816617706800336868861ee51a%2112000031478779751%21sea%21SI%21128201405%21X%211%210%21n_tag%3A-29919%3Bd%3A6a5c9ade%3Bm03_new_user%3A-29895&curPageLogUid=vYcKKAbCn9i9&utparam-url=scene%3Asearch%7Cquery_from%3A%7Cx_object_id%3A1005005057351496%7C_p_origin_prod%3A
1x 5V 3A Mini DC-DC Step Down Converter Volt Regulator https://www.aliexpress.com/item/1005009894490840.html?spm=a2g0o.detail.pcDetailTopMoreOtherSeller.10.7919gQ5bgQ5bNv&gps-id=pcDetailTopMoreOtherSeller&scm=1007.40050.354490.0&scm_id=1007.40050.354490.0&scm-url=1007.40050.354490.0&pvid=27b4b378-e3a4-4ef5-a5b5-421e38906cb2&_t=gps-id:pcDetailTopMoreOtherSeller,scm-url:1007.40050.354490.0,pvid:27b4b378-e3a4-4ef5-a5b5-421e38906cb2,tpp_buckets:668%232846%238111%231996&pdp_ext_f=%7B%22order%22%3A%22108%22%2C%22spu_best_type%22%3A%22order%22%2C%22eval%22%3A%221%22%2C%22sceneId%22%3A%2230050%22%2C%22fromPage%22%3A%22recommend%22%7D&pdp_npi=6%40dis%21EUR%212.83%212.83%21%21%2122.69%2122.69%21%40211b876717706801939055425e738b%2112000050506645756%21rec%21SI%21128201405%21XZ%211%210%21n_tag%3A-29919%3Bd%3A6a5c9ade%3Bm03_new_user%3A-29895&utparam-url=scene%3ApcDetailTopMoreOtherSeller%7Cquery_from%3A%7Cx_object_id%3A1005009894490840%7C_p_origin_prod%3A
1x Resistor array A06-103 10K
